Iris,Crollman,icrollman0@msu.edu
Justino,Dilger,jdilger1@bloglovin.com
Merv,Snell,msnell2@topsy.com
Edithe,Strangward,estrangward3@ezinearticles.com
Pet,Willimot,pwillimot4@nyu.edu
Diana,Connealy,dconnealy5@opensource.org
Farley,Ramalhete,framalhete6@wiley.com
Emelyne,Brunicke,ebrunicke7@storify.com
Kathe,Thickens,kthickens8@paypal.com
Marietta,Nugent,mnugent9@unblog.fr
